time,high,last,timestamp,bid,vwap,volume,low,ask,open,time
2021-12-15 18:15:20,48785.37,47131.74,1639592120,47126.2,47633.61,2003.01567286,46464.0,47141.9,48386.95,2021-12-15 18:15:20
2021-12-15 18:15:40,48785.37,47190.91,1639592140,47160.46,47633.56,2003.22937058,46464.0,47183.63,48386.95,2021-12-15 18:15:40
2021-12-15 18:16:00,48785.37,47190.91,1639592160,47161.63,47633.57,2003.21859217,46464.0,47181.23,48386.95,2021-12-15 18:16:00
2021-12-15 18:16:20,48785.37,47181.1,1639592180,47166.15,47633.57,2003.212155,46464.0,47182.5,48386.95,2021-12-15 18:16:20
2021-12-15 18:16:40,48785.37,47191.22,1639592203,47188.25,47633.57,2003.222825,46464.0,47208.54,48386.95,2021-12-15 18:16:43
2021-12-15 18:17:00,48785.37,47206.53,1639592223,47195.23,47633.57,2003.231569,46464.0,47224.59,48386.95,2021-12-15 18:17:03
2021-12-15 18:17:20,48785.37,47206.53,1639592243,47170.79,47633.59,2003.178169,46464.0,47200.07,48386.95,2021-12-15 18:17:23
2021-12-15 18:17:40,48785.37,47205.43,1639592265,47182.44,47633.59,2003.176629,46464.0,47210.41,48386.95,2021-12-15 18:17:45
2021-12-15 18:18:00,48785.37,47206.54,1639592285,47185.95,47633.51,2003.56585796,46464.0,47206.54,48386.95,2021-12-15 18:18:05
2021-12-15 18:18:20,48785.37,47206.54,1639592308,47190.96,47633.51,2003.55175137,46464.0,47210.34,48386.95,2021-12-15 18:18:28
2021-12-15 18:18:40,48785.37,47223.93,1639592326,47198.19,47633.52,2003.54380457,46464.0,47233.23,48386.95,2021-12-15 18:18:46
2021-12-15 18:19:00,48785.37,47197.0,1639592348,47171.58,47632.84,2006.64675457,46464.0,47197.96,48386.95,2021-12-15 18:19:08
2021-12-15 18:19:20,48785.37,47222.21,1639592367,47184.74,47632.82,2006.77691457,46464.0,47211.88,48386.95,2021-12-15 18:19:27
2021-12-15 18:19:40,48785.37,47208.34,1639592380,47189.16,47633.76,2004.59533575,46464.0,47209.74,48386.95,2021-12-15 18:19:40
2021-12-15 18:20:00,48785.37,47237.36,1639592410,47215.22,47633.76,2004.59769621,46464.0,47237.36,48386.95,2021-12-15 18:20:10
2021-12-15 18:20:20,48785.37,47250.0,1639592430,47227.89,47633.74,2004.75114621,46464.0,47248.05,48386.95,2021-12-15 18:20:30
2021-12-15 18:20:40,48785.37,47252.25,1639592450,47222.49,47633.7,2004.96737183,46464.0,47249.29,48386.95,2021-12-15 18:20:50
2021-12-15 18:21:00,48785.37,47204.31,1639592470,47213.0,47633.62,2005.37198913,46464.0,47231.8,48386.95,2021-12-15 18:21:10
2021-12-15 18:21:20,48785.37,47208.59,1639592481,47188.58,47633.62,2005.37198913,46464.0,47208.59,48386.95,2021-12-15 18:21:21
2021-12-15 18:21:40,48785.37,47243.03,1639592501,47220.3,47633.59,2005.51532559,46464.0,47243.03,48386.95,2021-12-15 18:21:41
2021-12-15 18:22:00,48785.37,47257.75,1639592521,47243.18,47633.6,2005.51573559,46464.0,47264.8,48386.95,2021-12-15 18:22:01
2021-12-15 18:22:20,48785.37,47329.06,1639592543,47319.75,47633.59,2005.62640254,46464.0,47332.43,48386.95,2021-12-15 18:22:23
2021-12-15 18:22:40,48785.37,47326.58,1639592563,47329.78,47633.54,2005.9276062,46464.0,47348.06,48386.95,2021-12-15 18:22:43
2021-12-15 18:23:00,48785.37,47303.65,1639592582,47286.9,47633.9,2005.1486162,46464.0,47312.35,48386.95,2021-12-15 18:23:02
2021-12-15 18:23:20,48785.37,47331.63,1639592606,47340.83,47634.32,2004.25181203,46464.0,47359.0,48386.95,2021-12-15 18:23:26
2021-12-15 18:23:40,48785.37,47326.16,1639592624,47329.17,47634.44,2004.02662465,46464.0,47356.76,48386.95,2021-12-15 18:23:44
2021-12-15 18:24:00,48785.37,47389.22,1639592648,47368.63,47634.4,2004.32055425,46464.0,47389.23,48386.95,2021-12-15 18:24:08
2021-12-15 18:24:20,48785.37,47351.76,1639592668,47336.46,47633.82,2009.27244893,46464.0,47356.11,48386.95,2021-12-15 18:24:28
2021-12-15 18:24:40,48785.37,47355.64,1639592686,47340.26,47633.83,2009.26729439,46464.0,47355.64,48386.95,2021-12-15 18:24:46
2021-12-15 18:25:00,48785.37,47393.27,1639592706,47352.02,47633.88,2009.33154337,46464.0,47374.27,48386.95,2021-12-15 18:25:06
2021-12-15 18:25:20,48785.37,47356.1,1639592730,47330.01,47633.84,2009.58237714,46464.0,47356.11,48386.95,2021-12-15 18:25:30
2021-12-15 18:25:40,48785.37,47356.1,1639592741,47359.66,47633.84,2009.58237714,46464.0,47388.08,48386.95,2021-12-15 18:25:41
2021-12-15 18:26:00,48785.37,47321.98,1639592761,47322.23,47633.8,2009.89803154,46464.0,47342.13,48386.95,2021-12-15 18:26:01
2021-12-15 18:26:20,48785.37,47342.08,1639592788,47334.19,47633.78,2010.0532558,46464.0,47353.07,48386.95,2021-12-15 18:26:28
2021-12-15 18:26:40,48785.37,47347.23,1639592811,47351.91,47633.53,2011.7484059,46464.0,47369.69,48386.95,2021-12-15 18:26:51
2021-12-15 18:27:00,48785.37,47347.23,1639592822,47343.51,47633.53,2011.7484059,46464.0,47364.95,48386.95,2021-12-15 18:27:02
2021-12-15 18:27:20,48785.37,47301.35,1639592842,47268.3,47634.15,2010.96307447,46464.0,47294.54,48386.95,2021-12-15 18:27:22
2021-12-15 18:27:40,48785.37,47303.2,1639592861,47274.78,47634.14,2011.00592008,46464.0,47300.0,48386.95,2021-12-15 18:27:41
2021-12-15 18:28:00,48785.37,47299.43,1639592884,47272.35,47634.13,2011.06934008,46464.0,47299.96,48386.95,2021-12-15 18:28:04
2021-12-15 18:28:20,48785.37,47299.99,1639592903,47289.73,47634.11,2011.1923647,46464.0,47299.99,48386.95,2021-12-15 18:28:23
2021-12-15 18:28:40,48785.37,47304.11,1639592926,47299.3,47634.04,2011.60674841,46464.0,47318.78,48386.95,2021-12-15 18:28:46
2021-12-15 18:29:00,48785.37,47273.95,1639592946,47267.27,47633.99,2011.9088609,46464.0,47284.15,48386.95,2021-12-15 18:29:06
2021-12-15 18:29:20,48785.37,47293.57,1639592965,47276.9,47633.88,2012.49855513,46464.0,47295.65,48386.95,2021-12-15 18:29:25
2021-12-15 18:29:40,48785.37,47297.25,1639592985,47297.55,47633.86,2012.64117985,46464.0,47319.76,48386.95,2021-12-15 18:29:45
2021-12-15 18:30:00,48785.37,47319.43,1639593007,47303.01,47633.86,2012.65312985,46464.0,47319.51,48386.95,2021-12-15 18:30:07
2021-12-15 18:30:20,48785.37,47317.54,1639593027,47298.53,47633.81,2012.93868985,46464.0,47317.54,48386.95,2021-12-15 18:30:27
2021-12-15 18:30:40,48785.37,47326.96,1639593050,47332.36,47633.67,2013.90307902,46464.0,47347.36,48386.95,2021-12-15 18:30:50
2021-12-15 18:31:00,48785.37,47357.36,1639593070,47362.55,47633.66,2013.91792902,46464.0,47373.77,48386.95,2021-12-15 18:31:10
2021-12-15 18:31:20,48785.37,47376.77,1639593081,47362.89,47634.32,2012.46609443,46464.0,47380.67,48386.95,2021-12-15 18:31:21
2021-12-15 18:31:40,48785.37,47370.17,1639593101,47347.6,47634.32,2012.52308419,46464.0,47370.17,48386.95,2021-12-15 18:31:41
2021-12-15 18:32:00,48785.37,47379.47,1639593123,47356.26,47634.32,2012.52966821,46464.0,47379.47,48386.95,2021-12-15 18:32:03
2021-12-15 18:32:20,48785.37,47369.97,1639593143,47349.78,47634.29,2012.78988828,46464.0,47366.37,48386.95,2021-12-15 18:32:23
2021-12-15 18:32:40,48785.37,47383.33,1639593165,47361.87,47633.52,2019.07325158,46464.0,47380.27,48386.95,2021-12-15 18:32:45
2021-12-15 18:33:00,48785.37,47394.93,1639593185,47365.95,47633.47,2019.41249216,46464.0,47394.92,48386.95,2021-12-15 18:33:05
2021-12-15 18:33:20,48785.37,47382.47,1639593205,47375.64,47633.48,2019.40997551,46464.0,47390.77,48386.95,2021-12-15 18:33:25
2021-12-15 18:33:40,48785.37,47406.67,1639593228,47394.33,47634.12,2019.10640767,46464.0,47413.87,48386.95,2021-12-15 18:33:48
2021-12-15 18:34:00,48785.37,47392.37,1639593248,47382.08,47634.11,2019.20083483,46464.0,47392.37,48386.95,2021-12-15 18:34:08
2021-12-15 18:34:20,48785.37,47395.97,1639593260,47374.17,47634.11,2019.20470483,46464.0,47395.96,48386.95,2021-12-15 18:34:20
2021-12-15 18:34:40,48785.37,47366.55,1639593290,47352.06,47635.8,2016.31806637,46464.0,47370.65,48386.95,2021-12-15 18:34:50
2021-12-15 18:35:00,48785.37,47370.65,1639593310,47352.28,47635.8,2016.31972637,46464.0,47370.63,48386.95,2021-12-15 18:35:10
2021-12-15 18:35:20,48785.37,47382.63,1639593321,47382.64,47635.78,2016.49829405,46464.0,47400.17,48386.95,2021-12-15 18:35:21
2021-12-15 18:35:40,48785.37,47413.56,1639593341,47417.72,47635.8,2016.57323969,46464.0,47429.0,48386.95,2021-12-15 18:35:41
2021-12-15 18:36:00,48785.37,47479.0,1639593363,47443.48,47636.04,2019.08966062,46464.0,47480.91,48386.95,2021-12-15 18:36:03
2021-12-15 18:36:20,48785.37,47421.4,1639593383,47411.04,47635.99,2020.03157799,46464.0,47421.41,48386.95,2021-12-15 18:36:23
2021-12-15 18:36:40,48785.37,47440.98,1639593406,47427.07,47635.97,2020.339373,46464.0,47440.98,48386.95,2021-12-15 18:36:46
2021-12-15 18:37:00,48785.37,47443.92,1639593426,47449.36,47636.05,2020.3681253,46464.0,47468.88,48386.95,2021-12-15 18:37:06
2021-12-15 18:37:20,48785.37,47501.36,1639593445,47474.5,47636.08,2023.17745652,46464.0,47505.39,48386.95,2021-12-15 18:37:25
2021-12-15 18:37:40,48785.37,47457.38,1639593468,47442.2,47640.68,2015.36121176,46464.0,47462.78,48386.95,2021-12-15 18:37:48
2021-12-15 18:38:00,48785.37,47512.98,1639593489,47456.27,47640.91,2015.19843928,46474.0,47488.22,48386.95,2021-12-15 18:38:09
2021-12-15 18:38:20,48785.37,47457.65,1639593500,47443.12,47640.98,2015.1801125,46476.4,47460.68,48386.95,2021-12-15 18:38:20
2021-12-15 18:38:40,48785.37,47458.18,1639593530,47439.37,47640.66,2020.35249372,46484.0,47460.77,48386.95,2021-12-15 18:38:50
2021-12-15 18:39:00,48785.37,47493.09,1639593550,47480.73,47645.57,2012.05069359,46489.99,47500.18,48386.95,2021-12-15 18:39:10
2021-12-15 18:39:20,48785.37,47519.0,1639593562,47510.67,47645.59,2012.01639691,46498.21,47544.78,48386.95,2021-12-15 18:39:22
2021-12-15 18:39:40,48785.37,47551.0,1639593581,47547.29,47645.43,2016.00927016,46502.41,47576.54,48386.95,2021-12-15 18:39:41
2021-12-15 18:40:00,48785.37,47617.11,1639593604,47617.11,47645.38,2020.08295774,46502.41,47622.21,48386.95,2021-12-15 18:40:04
2021-12-15 18:40:20,48785.37,47622.22,1639593623,47613.58,47645.38,2020.19060013,46502.41,47634.02,48386.95,2021-12-15 18:40:23
2021-12-15 18:40:40,48785.37,47617.42,1639593646,47575.19,47645.4,2020.69920521,46502.41,47593.21,48386.95,2021-12-15 18:40:46
2021-12-15 18:41:00,48785.37,47624.42,1639593666,47633.78,47645.4,2020.80670154,46502.41,47640.13,48386.95,2021-12-15 18:41:06
2021-12-15 18:41:20,48785.37,47660.58,1639593686,47632.16,47645.44,2020.98355418,46502.41,47660.59,48386.95,2021-12-15 18:41:26
2021-12-15 18:41:40,48785.37,47644.52,1639593708,47637.59,47645.44,2020.9920305,46502.41,47664.08,48386.95,2021-12-15 18:41:48
2021-12-15 18:42:00,48785.37,47638.75,1639593728,47636.48,47645.44,2021.33867008,46502.41,47657.68,48386.95,2021-12-15 18:42:08
2021-12-15 18:42:20,48785.37,47638.75,1639593750,47638.28,47645.49,2021.24900008,46502.41,47656.13,48386.95,2021-12-15 18:42:30
2021-12-15 18:42:40,48785.37,47653.01,1639593770,47624.68,47645.52,2025.7737583,46502.41,47652.99,48386.95,2021-12-15 18:42:50
2021-12-15 18:43:00,48785.37,47634.28,1639593790,47632.08,47647.07,2023.68496764,46502.41,47651.92,48386.95,2021-12-15 18:43:10
2021-12-15 18:43:20,48785.37,47630.88,1639593801,47643.88,47647.06,2024.53261311,46502.41,47651.92,48386.95,2021-12-15 18:43:21
2021-12-15 18:43:40,48785.37,47670.62,1639593820,47640.53,47647.3,2024.17803508,46502.41,47672.85,48386.95,2021-12-15 18:43:40
2021-12-15 18:44:00,48785.37,47676.92,1639593844,47643.88,47647.34,2027.44149123,46502.41,47656.12,48386.95,2021-12-15 18:44:04
2021-12-15 18:44:20,48785.37,47705.93,1639593863,47691.12,47647.35,2027.62912341,46502.41,47719.0,48386.95,2021-12-15 18:44:23
2021-12-15 18:44:40,48785.37,47701.62,1639593886,47677.07,47648.57,2025.44330715,46560.0,47711.57,48386.95,2021-12-15 18:44:46
2021-12-15 18:45:00,48785.37,47692.23,1639593906,47685.7,47648.57,2025.44979278,46560.0,47713.53,48386.95,2021-12-15 18:45:06
2021-12-15 18:45:20,48785.37,47789.0,1639593928,47788.99,47649.02,2032.01580139,46560.0,47799.0,48386.95,2021-12-15 18:45:28
2021-12-15 18:45:40,48785.37,47787.4,1639593948,47767.26,47649.13,2033.53882778,46560.0,47788.99,48386.95,2021-12-15 18:45:48
2021-12-15 18:46:00,48785.37,47813.05,1639593970,47808.81,47649.15,2033.49918214,46560.0,47829.0,48386.95,2021-12-15 18:46:10
2021-12-15 18:46:20,48785.37,47815.05,1639593981,47799.25,47649.15,2033.50838844,46560.0,47822.56,48386.95,2021-12-15 18:46:21
2021-12-15 18:46:40,48785.37,47813.33,1639594010,47814.93,47649.15,2033.51032844,46560.0,47829.0,48386.95,2021-12-15 18:46:50
2021-12-15 18:47:00,48785.37,47888.04,1639594021,47856.24,47649.66,2036.67537528,46560.0,47890.32,48386.95,2021-12-15 18:47:01
2021-12-15 18:47:20,48785.37,47890.56,1639594041,47886.93,47649.67,2036.68292235,46560.0,47900.97,48386.95,2021-12-15 18:47:21
2021-12-15 18:47:40,48785.37,47903.5,1639594063,47873.24,47649.67,2036.69320687,46560.0,47892.36,48386.95,2021-12-15 18:47:43
2021-12-15 18:48:00,48785.37,48052.48,1639594083,48035.61,47652.31,2052.88078695,46560.0,48068.04,48386.95,2021-12-15 18:48:03
2021-12-15 18:48:20,48785.37,48050.36,1639594103,48017.4,47653.85,2056.72299594,46560.0,48073.74,48386.95,2021-12-15 18:48:23
2021-12-15 18:48:40,48785.37,48062.13,1639594125,48047.9,47653.99,2057.49325476,46560.0,48098.08,48386.95,2021-12-15 18:48:45
2021-12-15 18:49:00,48785.37,48070.9,1639594147,48043.23,47654.07,2057.8794289,46560.0,48074.9,48386.95,2021-12-15 18:49:07
2021-12-15 18:49:20,48785.37,48019.7,1639594167,47999.45,47654.29,2059.10205905,46560.0,48027.39,48386.95,2021-12-15 18:49:27
2021-12-15 18:49:40,48785.37,48048.3,1639594187,48034.82,47654.32,2059.24178641,46560.0,48079.08,48386.95,2021-12-15 18:49:47
2021-12-15 18:50:00,48785.37,48133.85,1639594206,48104.45,47654.61,2060.40591038,46560.0,48133.76,48386.95,2021-12-15 18:50:06
2021-12-15 18:50:20,48785.37,48062.1,1639594230,48071.1,47654.77,2061.12295991,46560.0,48099.89,48386.95,2021-12-15 18:50:30
2021-12-15 18:50:40,48785.37,48116.99,1639594241,48086.36,47654.8,2061.29119689,46560.0,48112.39,48386.95,2021-12-15 18:50:41
2021-12-15 18:51:00,48785.37,48190.12,1639594260,48171.36,47656.03,2065.94229978,46560.0,48189.72,48386.95,2021-12-15 18:51:00
2021-12-15 18:51:20,48785.37,48186.82,1639594280,48171.88,47656.13,2066.293146,46560.0,48189.72,48386.95,2021-12-15 18:51:20
2021-12-15 18:51:40,48785.37,48212.61,1639594302,48146.56,47656.29,2066.94582331,46560.0,48177.02,48386.95,2021-12-15 18:51:42
2021-12-15 18:52:00,48785.37,48186.32,1639594322,48125.72,47656.29,2066.94869331,46560.0,48161.87,48386.95,2021-12-15 18:52:02
2021-12-15 18:52:20,48785.37,48066.16,1639594345,48035.31,47656.42,2067.48792976,46560.0,48064.3,48386.95,2021-12-15 18:52:25
2021-12-15 18:52:40,48785.37,48000.0,1639594364,47966.42,47656.48,2067.79684657,46560.0,47995.3,48386.95,2021-12-15 18:52:44
2021-12-15 18:53:00,48785.37,47925.28,1639594384,47909.93,47656.53,2068.21619777,46560.0,47925.28,48386.95,2021-12-15 18:53:04
2021-12-15 18:53:20,48785.37,47778.93,1639594404,47765.96,47656.69,2070.13288704,46560.0,47803.44,48386.95,2021-12-15 18:53:24
2021-12-15 18:53:40,48785.37,47680.0,1639594424,47644.78,47656.72,2070.68713896,46560.0,47678.05,48386.95,2021-12-15 18:53:44
2021-12-15 18:54:00,48785.37,47636.13,1639594446,47620.0,47657.07,2070.21116601,46560.0,47663.89,48386.95,2021-12-15 18:54:06
2021-12-15 18:54:20,48785.37,47613.71,1639594465,47593.32,47656.89,2075.18402945,46560.0,47630.21,48386.95,2021-12-15 18:54:25
2021-12-15 18:54:40,48785.37,47614.81,1639594489,47591.49,47656.88,2076.36800819,46560.0,47609.49,48386.95,2021-12-15 18:54:49
2021-12-15 18:55:00,48785.37,47615.49,1639594507,47591.69,47656.88,2076.66423088,46560.0,47626.2,48386.95,2021-12-15 18:55:07
2021-12-15 18:55:20,48785.37,47646.52,1639594527,47623.28,47656.87,2076.8422186,46560.0,47646.52,48386.95,2021-12-15 18:55:27
2021-12-15 18:55:40,48785.37,47762.19,1639594550,47699.22,47656.94,2076.77843784,46560.0,47732.5,48386.95,2021-12-15 18:55:50
2021-12-15 18:56:00,48785.37,47760.46,1639594561,47762.86,47656.95,2077.01862473,46560.0,47782.22,48386.95,2021-12-15 18:56:01
2021-12-15 18:56:20,48785.37,47799.0,1639594581,47751.26,47657.55,2075.96668973,46560.0,47792.7,48386.95,2021-12-15 18:56:21
2021-12-15 18:56:40,48785.37,47799.64,1639594600,47779.75,47657.55,2075.97513973,46560.0,47799.65,48386.95,2021-12-15 18:56:40
2021-12-15 18:57:00,48785.37,47797.15,1639594620,47785.25,47657.57,2076.05284973,46560.0,47820.46,48386.95,2021-12-15 18:57:00
2021-12-15 18:57:20,48785.37,47753.46,1639594642,47742.04,47657.75,2078.06254418,46560.0,47779.01,48386.95,2021-12-15 18:57:22
2021-12-15 18:57:40,48785.37,47663.14,1639594662,47616.42,47657.75,2079.320797,46560.0,47665.05,48386.95,2021-12-15 18:57:42
2021-12-15 18:58:00,48785.37,47687.54,1639594684,47665.62,47657.76,2079.37490452,46560.0,47692.11,48386.95,2021-12-15 18:58:04
2021-12-15 18:58:20,48785.37,47725.3,1639594704,47682.79,47657.76,2079.56090452,46560.0,47698.13,48386.95,2021-12-15 18:58:24
2021-12-15 18:58:40,48785.37,47785.54,1639594724,47755.74,47657.79,2079.83758843,46560.0,47789.64,48386.95,2021-12-15 18:58:44
2021-12-15 18:59:00,48785.37,47784.21,1639594746,47782.55,47657.8,2080.0566727,46560.0,47800.25,48386.95,2021-12-15 18:59:06
2021-12-15 18:59:20,48785.37,47854.85,1639594765,47845.54,47657.88,2080.39219782,46560.0,47880.29,48386.95,2021-12-15 18:59:25
2021-12-15 18:59:40,48785.37,47851.36,1639594789,47835.84,47657.97,2081.20729031,46560.0,47860.26,48386.95,2021-12-15 18:59:49
2021-12-15 19:00:00,48785.37,47559.94,1639594808,47503.03,47658.06,2086.78452913,46560.0,47550.8,48386.95,2021-12-15 19:00:08
2021-12-15 19:00:20,48785.37,47492.57,1639594820,47492.14,47656.41,2102.19290962,46560.0,47536.1,48386.95,2021-12-15 19:00:20
2021-12-15 19:00:40,48785.37,47513.42,1639594850,47420.62,47656.68,2104.1999202,46560.0,47473.18,48386.95,2021-12-15 19:00:50
2021-12-15 19:01:00,48785.37,47566.63,1639594861,47497.98,47656.56,2105.83977103,46560.0,47524.1,48386.95,2021-12-15 19:01:01
2021-12-15 19:01:20,48785.37,47275.7,1639594881,47260.0,47655.22,2114.89849655,46560.0,47260.01,48386.95,2021-12-15 19:01:21
2021-12-15 19:01:40,48785.37,47300.7,1639594903,47318.51,47654.75,2117.82980019,46560.0,47348.16,48386.95,2021-12-15 19:01:43
2021-12-15 19:02:00,48785.37,47407.45,1639594923,47384.17,47654.67,2118.40165736,46560.0,47388.07,48386.95,2021-12-15 19:02:03
2021-12-15 19:02:20,48785.37,47474.23,1639594943,47427.7,47654.52,2119.66939754,46560.0,47478.19,48386.95,2021-12-15 19:02:23
2021-12-15 19:02:40,48785.37,47674.25,1639594965,47623.76,47654.53,2121.28462478,46560.0,47648.82,48386.95,2021-12-15 19:02:45
2021-12-15 19:03:00,48785.37,47868.24,1639594985,47900.59,47655.24,2128.91932085,46560.0,47909.0,48386.95,2021-12-15 19:03:05
2021-12-15 19:03:20,48785.37,48206.32,1639595008,48167.78,47667.57,2169.73078245,46560.0,48255.29,48386.95,2021-12-15 19:03:28
2021-12-15 19:03:40,48785.37,48463.38,1639595026,48335.51,47670.24,2177.2708667,46560.0,48429.02,48386.95,2021-12-15 19:03:46
2021-12-15 19:04:00,48785.37,48491.26,1639595049,48457.37,47672.64,2183.91807233,46560.0,48528.5,48386.95,2021-12-15 19:04:09
2021-12-15 19:04:20,48785.37,48290.52,1639595069,48271.74,47674.87,2190.50660667,46560.0,48302.94,48386.95,2021-12-15 19:04:29
2021-12-15 19:04:40,48785.37,48350.08,1639595080,48256.69,47675.57,2192.97826407,46560.0,48350.08,48386.95,2021-12-15 19:04:40
2021-12-15 19:05:00,48785.37,48479.67,1639595100,48397.26,47677.14,2192.78567764,46560.0,48481.5,48386.95,2021-12-15 19:05:00
2021-12-15 19:05:20,48785.37,48562.79,1639595122,48516.01,47677.86,2193.5993018,46560.0,48562.79,48386.95,2021-12-15 19:05:22
2021-12-15 19:05:40,48863.68,48810.66,1639595144,48783.51,47691.72,2221.85838609,46560.0,48865.52,48386.95,2021-12-15 19:05:44
2021-12-15 19:06:00,48949.0,48881.92,1639595163,48852.25,47697.38,2232.47314308,46560.0,48908.25,48386.95,2021-12-15 19:06:03
2021-12-15 19:06:20,49025.0,48886.16,1639595184,48878.15,47707.57,2250.85873205,46560.0,48943.31,48386.95,2021-12-15 19:06:24
2021-12-15 19:06:40,49033.52,48936.77,1639595206,48928.65,47714.22,2262.77710693,46560.0,48992.39,48386.95,2021-12-15 19:06:46
2021-12-15 19:07:00,49033.52,48967.23,1639595226,48933.25,47716.77,2267.31867536,46560.0,48981.96,48386.95,2021-12-15 19:07:06
2021-12-15 19:07:20,49033.52,48656.2,1639595248,48597.88,47719.53,2272.65243382,46560.0,48646.2,48386.95,2021-12-15 19:07:28
2021-12-15 19:07:40,49033.52,48641.74,1639595268,48617.45,47723.11,2281.19923361,46560.0,48730.39,48386.95,2021-12-15 19:07:48
2021-12-15 19:08:00,49033.52,48778.4,1639595288,48705.8,47723.77,2282.64646238,46560.0,48767.5,48386.95,2021-12-15 19:08:08
2021-12-15 19:08:20,49033.52,48724.1,1639595310,48721.49,47724.74,2283.88745287,46560.0,48783.62,48386.95,2021-12-15 19:08:30
2021-12-15 19:08:40,49033.52,48880.97,1639595321,48873.65,47726.29,2287.0316736,46560.0,48916.53,48386.95,2021-12-15 19:08:41
2021-12-15 19:09:00,49033.52,48948.84,1639595340,48925.73,47731.73,2297.47584033,46560.0,48950.09,48386.95,2021-12-15 19:09:00
2021-12-15 19:09:20,49105.19,49057.04,1639595363,49014.02,47737.17,2305.618501,46560.0,49044.68,48386.95,2021-12-15 19:09:23
2021-12-15 19:09:40,49233.5,49196.41,1639595383,49168.7,47743.74,2315.5180537,46560.0,49206.91,48386.95,2021-12-15 19:09:43
2021-12-15 19:10:00,49233.5,49130.92,1639595405,49086.29,47746.37,2318.67393586,46560.0,49147.9,48386.95,2021-12-15 19:10:05
2021-12-15 19:10:20,49310.26,49221.77,1639595424,49147.9,47749.3,2323.17379257,46560.0,49219.83,48386.95,2021-12-15 19:10:24
2021-12-15 19:10:40,49310.26,49199.99,1639595445,49133.15,47762.45,2343.35823261,46560.0,49200.0,48386.95,2021-12-15 19:10:45
2021-12-15 19:11:00,49310.26,49232.12,1639595464,49176.6,47765.26,2347.59658684,46560.0,49244.76,48386.95,2021-12-15 19:11:04
2021-12-15 19:11:20,49310.26,49142.41,1639595486,49155.7,47766.43,2349.49053596,46560.0,49188.2,48386.95,2021-12-15 19:11:26
2021-12-15 19:11:40,49310.26,49074.9,1639595509,49060.69,47767.49,2351.10366549,46560.0,49103.29,48386.95,2021-12-15 19:11:49
2021-12-15 19:12:00,49310.26,49079.71,1639595529,49079.71,47771.06,2357.42414654,46560.0,49097.89,48386.95,2021-12-15 19:12:09
2021-12-15 19:12:20,49310.26,49061.18,1639595540,48981.43,47771.36,2357.9624269,46560.0,49018.07,48386.95,2021-12-15 19:12:20
2021-12-15 19:12:40,49310.26,49047.58,1639595570,49025.41,47773.64,2354.91733574,46560.0,49071.38,48386.95,2021-12-15 19:12:50
2021-12-15 19:13:00,49310.26,49053.98,1639595582,49045.44,47774.5,2356.51124574,46560.0,49099.87,48386.95,2021-12-15 19:13:02
2021-12-15 19:13:20,49310.26,49102.3,1639595601,49064.11,47777.44,2362.05245643,46560.0,49104.71,48386.95,2021-12-15 19:13:21
2021-12-15 19:13:40,49310.26,49104.7,1639595623,49058.6,47778.11,2363.16092321,46560.0,49104.25,48386.95,2021-12-15 19:13:43
2021-12-15 19:14:00,49310.26,49068.78,1639595643,49053.43,47779.56,2365.65867371,46560.0,49091.17,48386.95,2021-12-15 19:14:03
2021-12-15 19:14:20,49310.26,49062.08,1639595662,49041.75,47780.03,2366.49480637,46560.0,49091.16,48386.95,2021-12-15 19:14:22
2021-12-15 19:14:40,49310.26,49042.34,1639595683,49000.93,47780.53,2367.3311793,46560.0,49039.22,48386.95,2021-12-15 19:14:43
2021-12-15 19:15:00,49310.26,48986.67,1639595704,48957.94,47781.15,2368.51649604,46560.0,49043.41,48386.95,2021-12-15 19:15:04
2021-12-15 19:15:20,49310.26,48825.86,1639595724,48778.23,47781.29,2368.66570098,46560.0,48819.94,48386.95,2021-12-15 19:15:24
2021-12-15 19:15:40,49310.26,48694.91,1639595746,48627.59,47784.46,2377.44737807,46560.0,48679.51,48386.95,2021-12-15 19:15:46
2021-12-15 19:16:00,49310.26,48805.16,1639595766,48791.09,47787.41,2385.64488711,46560.0,48845.27,48386.95,2021-12-15 19:16:06
2021-12-15 19:16:20,49310.26,48824.34,1639595789,48834.86,47787.7,2385.88072759,46560.0,48852.94,48386.95,2021-12-15 19:16:29
2021-12-15 19:16:40,49310.26,48848.03,1639595808,48790.27,47788.25,2387.04901008,46560.0,48828.24,48386.95,2021-12-15 19:16:48
2021-12-15 19:17:00,49310.26,48793.73,1639595830,48845.44,47788.53,2387.69338334,46560.0,48878.75,48386.95,2021-12-15 19:17:10
2021-12-15 19:17:20,49310.26,48833.57,1639595849,48804.06,47790.15,2390.57689561,46560.0,48859.65,48386.95,2021-12-15 19:17:29
2021-12-15 19:17:40,49310.26,48833.57,1639595860,48733.18,47790.15,2390.57689561,46560.0,48757.02,48386.95,2021-12-15 19:17:40
2021-12-15 19:18:00,49310.26,48739.38,1639595881,48682.49,47790.2,2390.69220144,46560.0,48707.21,48386.95,2021-12-15 19:18:01
2021-12-15 19:18:20,49310.26,48756.11,1639595900,48731.75,47791.64,2386.5742964,46560.0,48756.11,48386.95,2021-12-15 19:18:20
2021-12-15 19:18:40,49310.26,48739.65,1639595930,48683.02,47791.82,2386.64162506,46560.0,48713.76,48386.95,2021-12-15 19:18:50
2021-12-15 19:19:00,49310.26,48730.52,1639595943,48664.12,47792.07,2387.33727832,46560.0,48705.39,48386.95,2021-12-15 19:19:03
2021-12-15 19:19:20,49310.26,48696.21,1639595962,48706.07,47792.31,2387.93355343,46560.0,48737.42,48386.95,2021-12-15 19:19:22
2021-12-15 19:19:40,49310.26,48767.19,1639595984,48709.38,47793.02,2388.87736284,46560.0,48767.74,48386.95,2021-12-15 19:19:44
2021-12-15 19:20:00,49310.26,48736.64,1639596003,48713.12,47793.12,2389.13896787,46560.0,48736.64,48386.95,2021-12-15 19:20:03
2021-12-15 19:20:20,49310.26,48755.15,1639596023,48737.0,47793.19,2389.31144585,46560.0,48787.65,48386.95,2021-12-15 19:20:23
2021-12-15 19:20:40,49310.26,48735.62,1639596045,48715.39,47795.23,2392.83220579,46560.0,48739.82,48386.95,2021-12-15 19:20:45
2021-12-15 19:21:00,49310.26,48721.64,1639596065,48719.3,47795.3,2393.01896579,46560.0,48756.72,48386.95,2021-12-15 19:21:05
2021-12-15 19:21:20,49310.26,48683.81,1639596087,48643.65,47795.57,2393.6504992,46560.0,48669.91,48386.95,2021-12-15 19:21:27
2021-12-15 19:21:40,49310.26,48503.28,1639596107,48475.0,47798.33,2402.21701732,46560.0,48483.17,48386.95,2021-12-15 19:21:47
2021-12-15 19:22:00,49310.26,48572.36,1639596130,48613.3,47798.85,2403.84101732,46560.0,48639.07,48386.95,2021-12-15 19:22:10
2021-12-15 19:22:20,49310.26,48572.36,1639596140,48597.39,47798.85,2403.83385988,46560.0,48617.2,48386.95,2021-12-15 19:22:20
2021-12-15 19:22:40,49310.26,48499.41,1639596160,48481.45,47799.02,2404.07415821,46560.0,48499.88,48386.95,2021-12-15 19:22:40
2021-12-15 19:23:00,49310.26,48452.94,1639596180,48407.54,47800.65,2410.66053719,46560.0,48432.72,48386.95,2021-12-15 19:23:00
2021-12-15 19:23:20,49310.26,48290.29,1639596202,48290.89,47801.61,2414.75900661,46560.0,48345.49,48386.95,2021-12-15 19:23:22
2021-12-15 19:23:40,49310.26,48350.0,1639596222,48326.68,47801.93,2416.18504445,46560.0,48358.95,48386.95,2021-12-15 19:23:42
2021-12-15 19:24:00,49310.26,48392.96,1639596245,48361.48,47802.62,2419.08116289,46560.0,48413.27,48386.95,2021-12-15 19:24:05
2021-12-15 19:24:20,49310.26,48439.29,1639596264,48387.31,47803.04,2420.16329231,46560.0,48444.99,48386.95,2021-12-15 19:24:24
2021-12-15 19:24:40,49310.26,48409.46,1639596284,48388.13,47803.12,2420.48963408,46560.0,48405.56,48386.95,2021-12-15 19:24:44
2021-12-15 19:25:00,49310.26,48401.07,1639596306,48353.98,47803.27,2420.72764925,46560.0,48422.04,48386.95,2021-12-15 19:25:06
2021-12-15 19:25:20,49310.26,48375.76,1639596326,48333.0,47803.4,2420.85739621,46560.0,48360.32,48386.95,2021-12-15 19:25:26
2021-12-15 19:25:40,49310.26,48322.74,1639596345,48304.97,47804.58,2426.37208413,46560.0,48342.65,48386.95,2021-12-15 19:25:45
2021-12-15 19:26:00,49310.26,48249.44,1639596368,48240.0,47805.3,2427.7370406,46560.0,48253.83,48386.95,2021-12-15 19:26:08
2021-12-15 19:26:20,49310.26,48222.58,1639596387,48201.0,47805.35,2427.96690252,46560.0,48220.16,48386.95,2021-12-15 19:26:27
2021-12-15 19:26:40,49310.26,48203.69,1639596410,48101.01,47806.32,2434.44770909,46560.0,48170.34,48386.95,2021-12-15 19:26:50
2021-12-15 19:27:00,49310.26,48194.52,1639596421,48159.48,47806.34,2434.58055637,46560.0,48196.12,48386.95,2021-12-15 19:27:01
2021-12-15 19:27:20,49310.26,48175.23,1639596440,48162.58,47806.62,2434.41056649,46560.0,48194.34,48386.95,2021-12-15 19:27:20
2021-12-15 19:27:40,49310.26,48091.84,1639596461,48076.18,47807.18,2439.23499066,46560.0,48091.84,48386.95,2021-12-15 19:27:41
2021-12-15 19:28:00,49310.26,48040.0,1639596483,48055.66,47807.35,2440.71819298,46560.0,48110.0,48386.95,2021-12-15 19:28:03
2021-12-15 19:28:20,49310.26,47954.47,1639596502,47934.37,47808.08,2446.33209091,46560.0,47976.28,48386.95,2021-12-15 19:28:22
2021-12-15 19:28:40,49310.26,47961.78,1639596523,47922.4,47808.31,2448.58553646,46560.0,47960.48,48386.95,2021-12-15 19:28:43
2021-12-15 19:29:00,49310.26,47866.62,1639596545,47828.89,47808.49,2454.95009003,46560.0,47884.63,48386.95,2021-12-15 19:29:05
2021-12-15 19:29:20,49310.26,48027.49,1639596568,48009.09,47808.53,2456.37797603,46560.0,48068.83,48386.95,2021-12-15 19:29:28
2021-12-15 19:29:40,49310.26,48093.0,1639596587,48045.7,47808.58,2456.84516317,46560.0,48088.38,48386.95,2021-12-15 19:29:47
2021-12-15 19:30:00,49310.26,47977.62,1639596610,47948.42,47808.69,2458.00350223,46560.0,47980.78,48386.95,2021-12-15 19:30:10
2021-12-15 19:30:20,49310.26,47976.98,1639596629,47973.92,47808.73,2458.07163957,46560.0,47993.78,48386.95,2021-12-15 19:30:29
2021-12-15 19:30:40,49310.26,47976.98,1639596640,47971.84,47808.73,2458.07061957,46560.0,48017.71,48386.95,2021-12-15 19:30:40
2021-12-15 19:31:00,49310.26,48160.6,1639596660,48110.34,47808.8,2458.73893273,46560.0,48135.11,48386.95,2021-12-15 19:31:00
2021-12-15 19:31:20,49310.26,48481.45,1639596680,48383.47,47810.64,2466.60343543,46560.0,48442.47,48386.95,2021-12-15 19:31:20
2021-12-15 19:31:40,49310.26,48406.66,1639596703,48448.03,47813.52,2476.60150119,46560.0,48475.87,48386.95,2021-12-15 19:31:43
2021-12-15 19:32:00,49310.26,48336.05,1639596722,48344.66,47814.28,2474.89574095,46560.0,48426.65,48386.95,2021-12-15 19:32:02
2021-12-15 19:32:20,49310.26,48360.31,1639596742,48326.66,47814.3,2475.00019095,46560.0,48383.86,48386.95,2021-12-15 19:32:22
2021-12-15 19:32:40,49310.26,48247.73,1639596765,48226.97,47814.34,2475.20356126,46560.0,48249.23,48386.95,2021-12-15 19:32:45
2021-12-15 19:33:00,49310.26,48440.65,1639596784,48423.45,47816.66,2486.68152069,46560.0,48467.0,48386.95,2021-12-15 19:33:04
2021-12-15 19:33:20,49310.26,48340.84,1639596807,48311.76,47817.84,2492.16377658,46560.0,48357.85,48386.95,2021-12-15 19:33:27
2021-12-15 19:33:40,49310.26,48368.57,1639596826,48370.11,47817.92,2492.55449611,46560.0,48411.05,48386.95,2021-12-15 19:33:46
2021-12-15 19:34:00,49310.26,48307.2,1639596848,48280.66,47817.99,2492.54900895,46560.0,48316.69,48386.95,2021-12-15 19:34:08
2021-12-15 19:34:20,49310.26,48289.86,1639596868,48243.58,47818.1,2492.48914101,46560.0,48286.37,48386.95,2021-12-15 19:34:28
2021-12-15 19:34:40,49310.26,48291.35,1639596890,48252.92,47818.89,2490.54007872,46560.0,48289.64,48386.95,2021-12-15 19:34:50
2021-12-15 19:35:00,49310.26,48237.42,1639596910,48221.17,47819.12,2491.4801817,46560.0,48261.53,48386.95,2021-12-15 19:35:10
2021-12-15 19:35:20,49310.26,48212.32,1639596921,48188.18,47819.16,2491.3627126,46560.0,48212.32,48386.95,2021-12-15 19:35:21
2021-12-15 19:35:40,49310.26,48236.99,1639596940,48243.83,47820.12,2488.83185552,46560.0,48299.73,48386.95,2021-12-15 19:35:40
2021-12-15 19:36:00,49310.26,48236.99,1639596961,48247.17,47820.45,2487.82799064,46560.0,48266.83,48386.95,2021-12-15 19:36:01
2021-12-15 19:36:20,49310.26,48307.34,1639596983,48296.66,47820.53,2488.25273538,46560.0,48317.52,48386.95,2021-12-15 19:36:23
2021-12-15 19:36:40,49310.26,48274.24,1639597003,48278.56,47821.56,2485.50895765,46560.0,48296.44,48386.95,2021-12-15 19:36:43
2021-12-15 19:37:00,49310.26,48317.46,1639597025,48324.14,47822.36,2489.51577765,46560.0,48351.7,48386.95,2021-12-15 19:37:05
2021-12-15 19:37:20,49310.26,48562.39,1639597044,48519.42,47824.58,2497.12978873,46560.0,48560.8,48386.95,2021-12-15 19:37:24
2021-12-15 19:37:40,49310.26,48558.23,1639597066,48545.85,47825.17,2498.93611374,46560.0,48558.23,48386.95,2021-12-15 19:37:46
2021-12-15 19:38:00,49310.26,48601.0,1639597087,48588.5,47826.2,2502.24548094,46560.0,48622.6,48386.95,2021-12-15 19:38:07
2021-12-15 19:38:20,49310.26,48618.1,1639597110,48560.8,47827.64,2506.68374856,46560.0,48608.09,48386.95,2021-12-15 19:38:30
2021-12-15 19:38:40,49310.26,48608.5,1639597129,48611.1,47827.82,2507.23318412,46560.0,48644.29,48386.95,2021-12-15 19:38:49
2021-12-15 19:39:00,49310.26,48608.5,1639597140,48584.81,47827.82,2507.23318412,46560.0,48613.06,48386.95,2021-12-15 19:39:00
2021-12-15 19:39:20,49310.26,48561.79,1639597171,48543.22,47828.1,2508.17484779,46560.0,48578.38,48386.95,2021-12-15 19:39:31
2021-12-15 19:39:40,49310.26,48582.96,1639597190,48543.42,47828.18,2508.44330314,46560.0,48588.89,48386.95,2021-12-15 19:39:50
2021-12-15 19:40:00,49310.26,48532.88,1639597201,48481.91,47828.24,2508.5232502,46560.0,48527.17,48386.95,2021-12-15 19:40:01
2021-12-15 19:40:20,49310.26,48415.96,1639597221,48400.0,47828.3,2508.77495814,46560.0,48423.35,48386.95,2021-12-15 19:40:21
2021-12-15 19:40:40,49310.26,48505.44,1639597243,48503.58,47828.44,2509.24722299,46560.0,48541.88,48386.95,2021-12-15 19:40:43
2021-12-15 19:41:00,49310.26,48652.06,1639597266,48620.2,47828.46,2509.31182088,46560.0,48652.06,48386.95,2021-12-15 19:41:06
2021-12-15 19:41:20,49310.26,48656.19,1639597285,48624.5,47828.5,2509.43367719,46560.0,48654.1,48386.95,2021-12-15 19:41:25
2021-12-15 19:41:40,49310.26,48748.76,1639597308,48746.78,47832.94,2522.16591815,46560.0,48771.78,48386.95,2021-12-15 19:41:48
2021-12-15 19:42:00,49310.26,48690.92,1639597327,48705.23,47833.34,2523.27657737,46560.0,48754.93,48386.95,2021-12-15 19:42:07
2021-12-15 19:42:20,49310.26,48834.0,1639597350,48822.86,47834.88,2527.17392014,46560.0,48834.0,48386.95,2021-12-15 19:42:30
2021-12-15 19:42:40,49310.26,48904.55,1639597369,48904.55,47837.52,2533.60155903,46560.0,48921.64,48386.95,2021-12-15 19:42:49
2021-12-15 19:43:00,49310.26,48854.25,1639597381,48854.46,47837.97,2534.65078634,46560.0,48875.35,48386.95,2021-12-15 19:43:01
2021-12-15 19:43:20,49310.26,48702.79,1639597400,48687.99,47842.37,2526.11638594,46560.0,48734.0,48386.95,2021-12-15 19:43:20
2021-12-15 19:43:40,49310.26,48694.94,1639597423,48674.72,47842.48,2526.42361113,46560.0,48702.88,48386.95,2021-12-15 19:43:43
2021-12-15 19:44:00,49310.26,48631.8,1639597442,48642.89,47843.12,2527.94603318,46560.0,48675.86,48386.95,2021-12-15 19:44:02
2021-12-15 19:44:20,49310.26,48594.29,1639597464,48592.1,47843.37,2528.70449275,46560.0,48597.88,48386.95,2021-12-15 19:44:24
2021-12-15 19:44:40,49310.26,48617.8,1639597484,48575.0,47843.43,2528.54935858,46560.0,48604.05,48386.95,2021-12-15 19:44:44
2021-12-15 19:45:00,49310.26,48435.26,1639597507,48425.95,47844.46,2532.42772794,46560.0,48475.88,48386.95,2021-12-15 19:45:07
2021-12-15 19:45:20,49310.26,48550.64,1639597526,48507.37,47844.73,2532.29204662,46560.0,48564.92,48386.95,2021-12-15 19:45:26
2021-12-15 19:45:40,49310.26,48587.06,1639597547,48540.5,47844.81,2532.48009162,46560.0,48598.05,48386.95,2021-12-15 19:45:47
2021-12-15 19:46:00,49310.26,48523.34,1639597568,48562.55,47844.84,2532.59667322,46560.0,48597.88,48386.95,2021-12-15 19:46:08
2021-12-15 19:46:20,49310.26,48637.4,1639597590,48604.37,47844.91,2532.82682899,46560.0,48642.29,48386.95,2021-12-15 19:46:30
2021-12-15 19:46:40,49310.26,48625.85,1639597601,48584.22,47844.94,2532.83968899,46560.0,48630.63,48386.95,2021-12-15 19:46:41
2021-12-15 19:47:00,49310.26,48589.33,1639597620,48543.93,47845.75,2530.73609672,46560.0,48572.24,48386.95,2021-12-15 19:47:00
2021-12-15 19:47:20,49310.26,48598.0,1639597651,48598.95,47845.83,2530.78312672,46560.0,48631.55,48386.95,2021-12-15 19:47:31
2021-12-15 19:47:40,49310.26,48620.0,1639597662,48594.64,47845.86,2530.90076867,46560.0,48628.6,48386.95,2021-12-15 19:47:42
2021-12-15 19:48:00,49310.26,48578.08,1639597682,48541.82,47845.91,2530.96240867,46560.0,48579.79,48386.95,2021-12-15 19:48:02
2021-12-15 19:48:20,49310.26,48656.2,1639597704,48640.87,47846.47,2529.50630917,46560.0,48684.21,48386.95,2021-12-15 19:48:24
2021-12-15 19:48:40,49310.26,48734.0,1639597724,48730.98,47846.53,2529.37541504,46560.0,48758.92,48386.95,2021-12-15 19:48:44
2021-12-15 19:49:00,49310.26,48783.68,1639597746,48735.68,47846.65,2529.12174239,46560.0,48757.52,48386.95,2021-12-15 19:49:06
2021-12-15 19:49:20,49310.26,48700.0,1639597766,48702.99,47846.76,2529.44134513,46560.0,48728.41,48386.95,2021-12-15 19:49:26
2021-12-15 19:49:40,49310.26,48654.6,1639597786,48614.51,47846.76,2529.44638418,46560.0,48642.87,48386.95,2021-12-15 19:49:46
2021-12-15 19:50:00,49310.26,48553.71,1639597808,48553.71,47846.77,2529.47456597,46560.0,48589.99,48386.95,2021-12-15 19:50:08
2021-12-15 19:50:20,49310.26,48598.49,1639597827,48570.92,47846.89,2529.87218989,46560.0,48587.59,48386.95,2021-12-15 19:50:27
2021-12-15 19:50:40,49310.26,48579.89,1639597850,48594.58,47848.74,2535.80523809,46560.0,48611.7,48386.95,2021-12-15 19:50:50
2021-12-15 19:51:00,49310.26,48575.09,1639597869,48575.87,47849.04,2535.7484429,46560.0,48593.19,48386.95,2021-12-15 19:51:09
2021-12-15 19:51:20,49310.26,48580.71,1639597881,48568.99,47849.9,2533.7641242,46560.0,48591.33,48386.95,2021-12-15 19:51:21
2021-12-15 19:51:40,49310.26,48600.0,1639597901,48628.18,47849.98,2534.0373735,46560.0,48648.8,48386.95,2021-12-15 19:51:41
2021-12-15 19:52:00,49310.26,48697.11,1639597923,48687.37,47851.01,2532.80831717,46560.0,48704.91,48386.95,2021-12-15 19:52:03
2021-12-15 19:52:20,49310.26,48731.22,1639597943,48718.53,47851.17,2533.27730716,46560.0,48734.92,48386.95,2021-12-15 19:52:23
2021-12-15 19:52:40,49310.26,48684.27,1639597965,48665.86,47852.2,2533.92713153,46560.0,48697.01,48386.95,2021-12-15 19:52:45
2021-12-15 19:53:00,49310.26,48718.92,1639597985,48737.93,47852.24,2534.01340785,46560.0,48754.32,48386.95,2021-12-15 19:53:05
2021-12-15 19:53:20,49310.26,48781.63,1639598007,48765.27,47856.22,2544.76194474,46560.0,48787.79,48386.95,2021-12-15 19:53:27
2021-12-15 19:53:40,49310.26,48803.88,1639598027,48802.26,47856.53,2545.59698747,46560.0,48824.46,48386.95,2021-12-15 19:53:47
2021-12-15 19:54:00,49310.26,48805.13,1639598049,48809.26,47856.72,2546.05969227,46560.0,48825.54,48386.95,2021-12-15 19:54:09
2021-12-15 19:54:20,49310.26,48832.34,1639598069,48819.8,47856.93,2545.88537448,46560.0,48835.44,48386.95,2021-12-15 19:54:29
2021-12-15 19:54:40,49310.26,48803.64,1639598091,48819.39,47861.64,2558.32654158,46560.0,48837.64,48386.95,2021-12-15 19:54:51
2021-12-15 19:55:00,49310.26,48832.34,1639598100,48798.87,47861.64,2558.33681158,46560.0,48830.96,48386.95,2021-12-15 19:55:00
2021-12-15 19:55:20,49310.26,48806.02,1639598122,48788.29,47862.03,2559.46371769,46560.0,48831.25,48386.95,2021-12-15 19:55:22
2021-12-15 19:55:40,49310.26,48787.92,1639598142,48744.51,47863.88,2564.62573711,46560.0,48782.96,48386.95,2021-12-15 19:55:42
2021-12-15 19:56:00,49310.26,48813.03,1639598164,48788.59,47864.07,2565.16019174,46560.0,48813.03,48386.95,2021-12-15 19:56:04
2021-12-15 19:56:20,49310.26,48706.69,1639598183,48722.73,47864.23,2565.63480399,46560.0,48748.72,48386.95,2021-12-15 19:56:23
2021-12-15 19:56:40,49310.26,48685.76,1639598206,48670.76,47867.8,2573.22851763,46560.0,48699.05,48386.95,2021-12-15 19:56:46
2021-12-15 19:57:00,49310.26,48679.61,1639598225,48661.85,47869.06,2577.22087342,46560.0,48689.06,48386.95,2021-12-15 19:57:05
2021-12-15 19:57:20,49310.26,48701.11,1639598246,48706.63,47870.5,2577.23391718,46560.0,48719.3,48386.95,2021-12-15 19:57:26
2021-12-15 19:57:40,49310.26,48770.8,1639598267,48746.42,47872.38,2582.7262345,46560.0,48773.13,48386.95,2021-12-15 19:57:47
2021-12-15 19:58:00,49310.26,48740.92,1639598287,48732.14,47875.86,2593.18149783,46560.0,48755.52,48386.95,2021-12-15 19:58:07
2021-12-15 19:58:20,49310.26,48658.11,1639598309,48647.5,47880.52,2606.96440481,46560.0,48654.0,48386.95,2021-12-15 19:58:29
2021-12-15 19:58:40,49310.26,48682.56,1639598321,48676.9,47881.26,2609.44339282,46560.0,48690.31,48386.95,2021-12-15 19:58:41
2021-12-15 19:59:00,49310.26,48668.12,1639598340,48666.31,47883.25,2616.05947183,46560.0,48698.06,48386.95,2021-12-15 19:59:00
2021-12-15 19:59:20,49310.26,48669.81,1639598360,48682.06,47884.38,2619.32354505,46560.0,48696.64,48386.95,2021-12-15 19:59:20
2021-12-15 19:59:40,49310.26,48654.19,1639598380,48645.38,47884.62,2620.16549951,46560.0,48657.45,48386.95,2021-12-15 19:59:40
2021-12-15 20:00:00,49310.26,48702.31,1639598402,48694.81,47885.73,2623.79199572,46560.0,48725.83,48386.95,2021-12-15 20:00:02
2021-12-15 20:00:20,49310.26,48758.49,1639598422,48734.57,47886.86,2626.76722538,46560.0,48758.76,48386.95,2021-12-15 20:00:22
2021-12-15 20:00:40,49310.26,48765.6,1639598443,48761.43,47889.4,2634.14163718,46560.0,48771.29,48386.95,2021-12-15 20:00:43
2021-12-15 20:01:00,49310.26,48745.48,1639598466,48746.57,47890.3,2636.8689768,46560.0,48751.78,48386.95,2021-12-15 20:01:06
2021-12-15 20:01:20,49310.26,48706.64,1639598486,48688.9,47891.14,2638.38718876,46560.0,48723.68,48386.95,2021-12-15 20:01:26
2021-12-15 20:01:40,49310.26,48633.3,1639598507,48633.75,47891.61,2639.37259675,46560.0,48646.15,48386.95,2021-12-15 20:01:47
2021-12-15 20:02:00,49310.26,48682.35,1639598528,48639.07,47891.7,2639.12994675,46560.0,48648.97,48386.95,2021-12-15 20:02:08
2021-12-15 20:02:20,49310.26,48577.76,1639598547,48559.13,47892.19,2638.52883344,46560.0,48596.52,48386.95,2021-12-15 20:02:27
2021-12-15 20:02:40,49310.26,48674.9,1639598569,48662.44,47894.45,2632.64218937,46560.0,48702.08,48386.95,2021-12-15 20:02:49
2021-12-15 20:03:00,49310.26,48722.09,1639598580,48689.9,47895.77,2636.22098288,46560.0,48722.09,48386.95,2021-12-15 20:03:00
2021-12-15 20:03:20,49310.26,48812.31,1639598600,48794.36,47895.93,2636.48071429,46560.0,48831.33,48386.95,2021-12-15 20:03:20
2021-12-15 20:03:40,49310.26,48834.0,1639598620,48797.98,47895.99,2636.31675254,46560.0,48834.71,48386.95,2021-12-15 20:03:40
2021-12-15 20:04:00,49310.26,48833.19,1639598641,48836.44,47896.07,2636.51586389,46560.0,48839.53,48386.95,2021-12-15 20:04:01
2021-12-15 20:04:20,49310.26,48847.71,1639598664,48836.95,47897.3,2639.74817097,46560.0,48844.71,48386.95,2021-12-15 20:04:24
2021-12-15 20:04:40,49310.26,48841.09,1639598684,48831.88,47897.42,2640.07985765,46560.0,48845.01,48386.95,2021-12-15 20:04:44
2021-12-15 20:05:00,49310.26,48874.24,1639598703,48829.5,47897.77,2641.05816747,46560.0,48874.23,48386.95,2021-12-15 20:05:03
2021-12-15 20:05:20,49310.26,49008.61,1639598726,48969.75,47900.42,2647.56080866,46560.0,49010.1,48386.95,2021-12-15 20:05:26
2021-12-15 20:05:40,49310.26,49101.0,1639598746,49110.16,47902.0,2650.67212452,46560.0,49125.24,48386.95,2021-12-15 20:05:46
2021-12-15 20:06:00,49310.26,49000.04,1639598767,49083.02,47903.79,2653.88077068,46560.0,49095.56,48386.95,2021-12-15 20:06:07
2021-12-15 20:06:20,49310.26,49067.05,1639598788,49049.11,47906.31,2648.05693718,46560.0,49094.52,48386.95,2021-12-15 20:06:28
2021-12-15 20:06:40,49310.26,49039.44,1639598810,49051.47,47907.32,2649.09061937,46560.0,49098.05,48386.95,2021-12-15 20:06:50
2021-12-15 20:07:00,49310.26,49083.94,1639598829,49059.78,47908.02,2650.02362683,46560.0,49078.54,48386.95,2021-12-15 20:07:09
2021-12-15 20:07:20,49310.26,49069.54,1639598841,49035.28,47909.62,2653.41845164,46560.0,49069.55,48386.95,2021-12-15 20:07:21
2021-12-15 20:07:40,49310.26,49065.89,1639598860,49034.73,47911.98,2656.45590833,46560.0,49072.91,48386.95,2021-12-15 20:07:40
2021-12-15 20:08:00,49310.26,49000.61,1639598882,48975.03,47912.05,2656.46863088,46560.0,49022.22,48386.95,2021-12-15 20:08:02
2021-12-15 20:08:20,49310.26,49032.32,1639598903,48995.4,47912.26,2656.94633337,46560.0,49032.31,48386.95,2021-12-15 20:08:23
2021-12-15 20:08:40,49310.26,48971.32,1639598925,48938.37,47912.42,2656.97570781,46560.0,48976.51,48386.95,2021-12-15 20:08:45
2021-12-15 20:09:00,49310.26,48996.02,1639598944,48981.83,47912.42,2656.98419528,46560.0,49007.57,48386.95,2021-12-15 20:09:04
2021-12-15 20:09:20,49310.26,49035.52,1639598965,49017.3,47912.65,2657.51443171,46560.0,49057.61,48386.95,2021-12-15 20:09:25
2021-12-15 20:09:40,49310.26,49125.26,1639598986,49111.85,47912.75,2657.31776401,46560.0,49139.85,48386.95,2021-12-15 20:09:46
2021-12-15 20:10:00,49310.26,49081.54,1639599006,49077.47,47913.24,2657.53935504,46560.0,49089.94,48386.95,2021-12-15 20:10:06
2021-12-15 20:10:20,49310.26,49120.59,1639599029,49107.31,47913.62,2657.93533221,46560.0,49140.46,48386.95,2021-12-15 20:10:29
2021-12-15 20:10:40,49310.26,49155.33,1639599048,49139.23,47914.08,2656.84850743,46560.0,49157.32,48386.95,2021-12-15 20:10:48
2021-12-15 20:11:00,49310.26,49093.51,1639599060,49086.09,47914.9,2658.4222024,46560.0,49122.85,48386.95,2021-12-15 20:11:00
2021-12-15 20:11:20,49310.26,49040.82,1639599090,49031.73,47916.69,2654.23865434,46560.0,49054.53,48386.95,2021-12-15 20:11:30
2021-12-15 20:11:40,49310.26,49044.69,1639599110,49031.05,47916.75,2654.29986814,46560.0,49055.73,48386.95,2021-12-15 20:11:50
2021-12-15 20:12:00,49310.26,49031.03,1639599130,49010.42,47917.6,2655.16705394,46560.0,49042.69,48386.95,2021-12-15 20:12:10
2021-12-15 20:12:20,49310.26,49021.89,1639599141,49032.12,47917.95,2655.08550394,46560.0,49053.93,48386.95,2021-12-15 20:12:21
2021-12-15 20:12:40,49310.26,49040.3,1639599163,49044.53,47918.22,2655.22167303,46560.0,49074.8,48386.95,2021-12-15 20:12:43
2021-12-15 20:13:00,49310.26,49013.43,1639599183,49009.95,47918.4,2655.50321576,46560.0,49029.72,48386.95,2021-12-15 20:13:03
2021-12-15 20:13:20,49310.26,48986.44,1639599205,48958.47,47918.43,2655.58550581,46560.0,48986.51,48386.95,2021-12-15 20:13:25
2021-12-15 20:13:40,49310.26,48885.12,1639599224,48875.0,47922.24,2664.73637367,46560.0,48898.66,48386.95,2021-12-15 20:13:44
2021-12-15 20:14:00,49310.26,49000.0,1639599247,48957.61,47923.04,2666.66913709,46560.0,49005.39,48386.95,2021-12-15 20:14:07
2021-12-15 20:14:20,49310.26,48999.62,1639599270,48986.38,47923.49,2667.47022498,46560.0,49008.42,48386.95,2021-12-15 20:14:30
2021-12-15 20:14:40,49310.26,49005.72,1639599289,48950.9,47923.72,2667.61137492,46560.0,48976.41,48386.95,2021-12-15 20:14:49
2021-12-15 20:15:00,49310.26,49033.82,1639599300,49006.82,47923.8,2667.80147501,46560.0,49042.38,48386.95,2021-12-15 20:15:00
2021-12-15 20:15:20,49310.26,49106.73,1639599331,49026.86,47924.94,2669.47433256,46560.0,49051.81,48386.95,2021-12-15 20:15:31
2021-12-15 20:15:40,49310.26,49102.96,1639599340,49053.99,47925.39,2670.22595754,46560.0,49072.82,48386.95,2021-12-15 20:15:40
2021-12-15 20:16:00,49310.26,49062.53,1639599362,49038.92,47925.85,2669.33952771,46560.0,49062.92,48386.95,2021-12-15 20:16:02
2021-12-15 20:16:20,49310.26,48990.1,1639599382,48947.2,47928.54,2675.69238399,46560.0,48986.05,48386.95,2021-12-15 20:16:22
2021-12-15 20:16:40,49310.26,49100.0,1639599404,49075.63,47928.97,2676.37756783,46560.0,49103.7,48386.95,2021-12-15 20:16:44
2021-12-15 20:17:00,49310.26,49220.19,1639599424,49202.26,47931.14,2681.01808664,46560.0,49229.25,48386.95,2021-12-15 20:17:04
2021-12-15 20:17:20,49310.26,49207.74,1639599446,49158.99,47937.12,2692.81448218,46560.0,49214.92,48386.95,2021-12-15 20:17:26
2021-12-15 20:17:40,49310.26,49186.23,1639599465,49166.19,47937.26,2692.95684764,46560.0,49198.85,48386.95,2021-12-15 20:17:45
2021-12-15 20:18:00,49310.26,49178.47,1639599488,49148.68,47937.43,2692.79831374,46560.0,49179.72,48386.95,2021-12-15 20:18:08
2021-12-15 20:18:20,49310.26,49047.04,1639599507,49040.22,47938.36,2689.6753814,46560.0,49070.89,48386.95,2021-12-15 20:18:27
2021-12-15 20:18:40,49310.26,49041.39,1639599530,49043.38,47938.6,2689.81456811,46560.0,49078.49,48386.95,2021-12-15 20:18:50
2021-12-15 20:19:00,49310.26,49050.5,1639599549,49024.71,47938.79,2690.17262967,46560.0,49037.98,48386.95,2021-12-15 20:19:09
2021-12-15 20:19:20,49310.26,49036.68,1639599560,49025.92,47939.93,2686.08386195,46560.0,49048.78,48386.95,2021-12-15 20:19:20
2021-12-15 20:19:40,49310.26,49046.12,1639599580,49013.75,47939.95,2686.03655902,46560.0,49040.38,48386.95,2021-12-15 20:19:40
2021-12-15 20:20:00,49310.26,49045.5,1639599600,49007.83,47941.03,2682.22512499,46560.0,49028.48,48386.95,2021-12-15 20:20:00
2021-12-15 20:20:20,49310.26,49068.58,1639599621,49032.64,47941.12,2682.05259872,46560.0,49063.58,48386.95,2021-12-15 20:20:21
2021-12-15 20:20:40,49310.26,49007.83,1639599642,48989.12,47941.18,2681.87647458,46560.0,49027.27,48386.95,2021-12-15 20:20:42
2021-12-15 20:21:00,49310.26,48968.05,1639599664,48931.78,47941.45,2682.08182991,46560.0,48952.05,48386.95,2021-12-15 20:21:04
2021-12-15 20:21:20,49310.26,48957.35,1639599684,48942.05,47941.53,2682.28376752,46560.0,48971.85,48386.95,2021-12-15 20:21:24
2021-12-15 20:21:40,49310.26,48930.24,1639599705,48939.6,47943.27,2678.48757319,46560.0,48961.08,48386.95,2021-12-15 20:21:45
2021-12-15 20:22:00,49310.26,48875.0,1639599726,48850.0,47943.9,2680.03652167,46560.0,48869.63,48386.95,2021-12-15 20:22:06
2021-12-15 20:22:20,49310.26,48900.0,1639599747,48893.21,47944.21,2679.24870796,46560.0,48944.83,48386.95,2021-12-15 20:22:27
2021-12-15 20:22:40,49310.26,49034.17,1639599767,49008.51,47944.94,2680.64287715,46560.0,49034.17,48386.95,2021-12-15 20:22:47
2021-12-15 20:23:00,49310.26,49097.39,1639599789,49111.84,47946.11,2683.46032266,46560.0,49123.69,48386.95,2021-12-15 20:23:09
2021-12-15 20:23:20,49310.26,49114.29,1639599801,49070.68,47946.12,2683.48100667,46560.0,49079.38,48386.95,2021-12-15 20:23:21
2021-12-15 20:23:40,49310.26,49038.87,1639599821,49017.3,47946.15,2683.55018016,46560.0,49037.27,48386.95,2021-12-15 20:23:41
2021-12-15 20:24:00,49310.26,49053.72,1639599840,49070.83,47946.47,2682.87577589,46560.0,49084.47,48386.95,2021-12-15 20:24:00
2021-12-15 20:24:20,49310.26,48995.43,1639599860,49014.03,47946.75,2682.00265246,46560.0,49042.44,48386.95,2021-12-15 20:24:20
2021-12-15 20:24:40,49310.26,48999.53,1639599882,48963.05,47946.91,2681.62474094,46560.0,48998.96,48386.95,2021-12-15 20:24:42
2021-12-15 20:25:00,49310.26,49016.27,1639599902,48967.73,47947.19,2682.11523094,46560.0,49002.21,48386.95,2021-12-15 20:25:02
2021-12-15 20:25:20,49310.26,49027.5,1639599923,48991.53,47947.62,2680.77623585,46560.0,49014.43,48386.95,2021-12-15 20:25:23
2021-12-15 20:25:40,49310.26,48964.56,1639599944,48920.24,47947.76,2680.77040699,46560.0,48949.13,48386.95,2021-12-15 20:25:44
2021-12-15 20:26:00,49310.26,48961.03,1639599966,48933.85,47947.84,2680.77786337,46560.0,48962.32,48386.95,2021-12-15 20:26:06
2021-12-15 20:26:20,49310.26,48927.41,1639599985,48917.84,47947.92,2680.64419444,46560.0,48941.37,48386.95,2021-12-15 20:26:25
2021-12-15 20:26:40,49310.26,48944.85,1639600005,48942.96,47947.99,2680.76542058,46560.0,48977.27,48386.95,2021-12-15 20:26:45
2021-12-15 20:27:00,49310.26,48975.95,1639600027,48968.13,47948.06,2680.53091058,46560.0,48993.51,48386.95,2021-12-15 20:27:07
2021-12-15 20:27:20,49310.26,49020.62,1639600050,49020.9,47948.29,2680.92288603,46560.0,49049.07,48386.95,2021-12-15 20:27:30
2021-12-15 20:27:40,49310.26,49054.27,1639600061,49060.62,47949.2,2683.13041519,46560.0,49092.25,48386.95,2021-12-15 20:27:41
2021-12-15 20:28:00,49310.26,49007.64,1639600080,49007.64,47949.37,2683.51132386,46560.0,49027.65,48386.95,2021-12-15 20:28:00
2021-12-15 20:28:20,49310.26,49067.81,1639600100,49041.44,47949.4,2683.42493386,46560.0,49071.37,48386.95,2021-12-15 20:28:20
2021-12-15 20:28:40,49310.26,49099.17,1639600130,49069.37,47949.69,2683.21412817,46560.0,49099.04,48386.95,2021-12-15 20:28:50
2021-12-15 20:29:00,49310.26,49090.83,1639600142,49069.88,47953.35,2691.79621427,46560.0,49096.28,48386.95,2021-12-15 20:29:02
2021-12-15 20:29:20,49310.26,49249.0,1639600161,49240.44,47956.93,2699.40608551,46560.0,49283.37,48386.95,2021-12-15 20:29:21
2021-12-15 20:29:40,49361.49,49268.66,1639600184,49245.58,47962.02,2707.55907697,46560.0,49269.26,48386.95,2021-12-15 20:29:44
2021-12-15 20:30:00,49361.49,49326.06,1639600205,49293.52,47962.4,2706.91145871,46560.0,49342.14,48386.95,2021-12-15 20:30:05
2021-12-15 20:30:20,49420.72,49335.17,1639600224,49329.97,47963.6,2709.00075753,46560.0,49356.17,48386.95,2021-12-15 20:30:24
2021-12-15 20:30:40,49420.72,49239.28,1639600247,49220.09,47964.14,2709.46704151,46560.0,49243.16,48386.95,2021-12-15 20:30:47
2021-12-15 20:31:00,49420.72,49234.2,1639600266,49206.99,47964.45,2709.23786151,46560.0,49232.26,48386.95,2021-12-15 20:31:06
2021-12-15 20:31:20,49420.72,49191.42,1639600285,49161.37,47964.6,2708.95904677,46560.0,49210.49,48386.95,2021-12-15 20:31:25
2021-12-15 20:31:40,49420.72,49163.3,1639600308,49211.99,47964.84,2708.95206508,46560.0,49233.36,48386.95,2021-12-15 20:31:48
2021-12-15 20:32:00,49420.72,49252.8,1639600331,49235.64,47965.28,2708.05989439,46560.0,49277.77,48386.95,2021-12-15 20:32:11
2021-12-15 20:32:20,49420.72,49267.97,1639600350,49270.85,47965.38,2707.78752439,46560.0,49304.8,48386.95,2021-12-15 20:32:30
2021-12-15 20:32:40,49420.72,49263.35,1639600372,49236.58,47965.94,2708.51702946,46560.0,49261.82,48386.95,2021-12-15 20:32:52
2021-12-15 20:33:00,49420.72,49241.58,1639600381,49203.19,47966.24,2709.01054263,46560.0,49226.38,48386.95,2021-12-15 20:33:01
2021-12-15 20:33:20,49420.72,49226.38,1639600402,49233.39,47966.3,2708.87205388,46560.0,49263.28,48386.95,2021-12-15 20:33:22
2021-12-15 20:33:40,49420.72,49314.69,1639600423,49302.87,47966.65,2707.54954818,46560.0,49327.38,48386.95,2021-12-15 20:33:43
2021-12-15 20:34:00,49420.72,49274.78,1639600445,49274.78,47966.66,2707.55086818,46560.0,49298.88,48386.95,2021-12-15 20:34:05
2021-12-15 20:34:20,49420.72,49265.81,1639600465,49245.99,47967.64,2707.06595696,46560.0,49254.73,48386.95,2021-12-15 20:34:25
2021-12-15 20:34:40,49420.72,49367.34,1639600484,49330.91,47967.73,2707.25430105,46560.0,49363.97,48386.95,2021-12-15 20:34:44
2021-12-15 20:35:00,49445.8,49400.36,1639600503,49392.47,47968.72,2709.09658942,46560.0,49423.01,48386.95,2021-12-15 20:35:03
2021-12-15 20:35:20,49449.0,49449.0,1639600526,49450.38,47969.75,2707.89409346,46560.0,49452.06,48386.95,2021-12-15 20:35:26
2021-12-15 20:35:40,49452.22,49402.31,1639600545,49343.96,47970.05,2708.41717886,46560.0,49378.6,48386.95,2021-12-15 20:35:45
2021-12-15 20:36:00,49452.22,49301.83,1639600568,49301.83,47970.58,2709.44911008,46560.0,49302.35,48386.95,2021-12-15 20:36:08
2021-12-15 20:36:20,49452.22,49283.78,1639600591,49274.48,47971.58,2711.25311497,46560.0,49304.76,48386.95,2021-12-15 20:36:31
2021-12-15 20:36:40,49452.22,49331.08,1639600610,49329.94,47971.58,2711.25809497,46560.0,49364.93,48386.95,2021-12-15 20:36:50
2021-12-15 20:37:00,49452.22,49300.0,1639600629,49289.24,47973.33,2707.07666371,46560.0,49300.0,48386.95,2021-12-15 20:37:09
2021-12-15 20:37:20,49452.22,49300.0,1639600641,49284.8,47973.42,2706.81726198,46560.0,49300.0,48386.95,2021-12-15 20:37:21
2021-12-15 20:37:40,49452.22,49368.01,1639600660,49334.8,47976.43,2707.61265431,46560.0,49378.38,48386.95,2021-12-15 20:37:40
2021-12-15 20:38:00,49452.22,49416.49,1639600683,49373.44,47980.26,2682.7433635,46560.0,49414.03,48386.95,2021-12-15 20:38:03
2021-12-15 20:38:20,49452.22,49398.8,1639600702,49383.21,47982.58,2653.90192423,46560.0,49416.2,48386.95,2021-12-15 20:38:22
2021-12-15 20:38:40,49452.22,49420.72,1639600725,49419.59,47983.55,2646.21724149,46560.0,49459.01,48386.95,2021-12-15 20:38:45
2021-12-15 20:39:00,49499.0,49499.0,1639600744,49447.73,47985.66,2649.43794774,46560.0,49480.82,48386.95,2021-12-15 20:39:04
2021-12-15 20:39:20,49514.85,49473.69,1639600767,49456.13,47987.98,2652.1450301,46560.0,49501.32,48386.95,2021-12-15 20:39:27
2021-12-15 20:39:40,49514.85,49508.23,1639600786,49497.92,47990.87,2656.55322078,46560.0,49508.23,48386.95,2021-12-15 20:39:46
2021-12-15 20:40:00,49514.85,49493.14,1639600809,49441.06,47991.64,2657.29741847,46560.0,49478.68,48386.95,2021-12-15 20:40:09
2021-12-15 20:40:20,49514.85,49406.62,1639600820,49387.04,47991.97,2657.78063287,46560.0,49433.09,48386.95,2021-12-15 20:40:20
2021-12-15 20:40:40,49514.85,49412.35,1639600851,49387.78,47993.86,2653.28711445,46560.0,49408.48,48386.95,2021-12-15 20:40:51
2021-12-15 20:41:00,49514.85,49377.29,1639600870,49345.66,47994.95,2647.55481814,46560.0,49377.28,48386.95,2021-12-15 20:41:10
2021-12-15 20:41:20,49514.85,49412.35,1639600881,49399.47,47995.34,2646.34304546,46560.0,49420.72,48386.95,2021-12-15 20:41:21
2021-12-15 20:41:40,49514.85,49444.61,1639600901,49412.74,47995.53,2643.73478965,46560.0,49444.61,48386.95,2021-12-15 20:41:41
2021-12-15 20:42:00,49514.85,49450.0,1639600920,49450.0,47996.98,2641.12311001,46560.0,49465.39,48386.95,2021-12-15 20:42:00
2021-12-15 20:42:20,49514.85,49441.28,1639600943,49419.56,48000.62,2644.34539018,46560.0,49429.38,48386.95,2021-12-15 20:42:23
2021-12-15 20:42:40,49514.85,49356.21,1639600962,49337.83,48001.17,2641.60560889,46560.0,49362.3,48386.95,2021-12-15 20:42:42
2021-12-15 20:43:00,49514.85,49295.57,1639600984,49297.66,48003.5,2644.77165172,46560.0,49339.47,48386.95,2021-12-15 20:43:04
2021-12-15 20:43:20,49514.85,49339.57,1639601004,49313.97,48003.51,2644.79106193,46560.0,49339.1,48386.95,2021-12-15 20:43:24
2021-12-15 20:43:40,49514.85,49336.67,1639601026,49309.07,48004.43,2640.57374775,46560.0,49337.18,48386.95,2021-12-15 20:43:46
2021-12-15 20:44:00,49514.85,49360.7,1639601046,49318.31,48007.33,2644.86510946,46560.0,49346.57,48386.95,2021-12-15 20:44:06
2021-12-15 20:44:20,49514.85,49338.97,1639601068,49329.98,48007.42,2644.97760248,46560.0,49353.38,48386.95,2021-12-15 20:44:28
2021-12-15 20:44:40,49514.85,49338.97,1639601080,49336.08,48007.54,2642.98180435,46560.0,49344.42,48386.95,2021-12-15 20:44:40
2021-12-15 20:45:00,49514.85,49314.61,1639601110,49287.88,48007.57,2642.6666532,46560.0,49311.85,48386.95,2021-12-15 20:45:10
2021-12-15 20:45:20,49514.85,49255.7,1639601129,49262.13,48007.68,2642.68642232,46560.0,49302.07,48386.95,2021-12-15 20:45:29
2021-12-15 20:45:40,49514.85,49247.0,1639601150,49246.99,48008.76,2630.75198727,46560.0,49271.99,48386.95,2021-12-15 20:45:50
2021-12-15 20:46:00,49514.85,49244.93,1639601160,49225.69,48009.22,2631.72834872,46560.0,49247.85,48386.95,2021-12-15 20:46:00
2021-12-15 20:46:20,49514.85,49243.05,1639601181,49207.49,48010.77,2634.96181484,46560.0,49240.98,48386.95,2021-12-15 20:46:21
2021-12-15 20:46:40,49514.85,49200.0,1639601203,49188.18,48011.08,2635.64940769,46560.0,49224.22,48386.95,2021-12-15 20:46:43
2021-12-15 20:47:00,49514.85,49198.2,1639601222,49175.0,48012.05,2637.7604165,46560.0,49191.33,48386.95,2021-12-15 20:47:02
2021-12-15 20:47:20,49514.85,49138.5,1639601245,49111.14,48014.22,2642.4032773,46560.0,49135.64,48386.95,2021-12-15 20:47:25
2021-12-15 20:47:40,49514.85,49118.52,1639601264,49088.29,48017.49,2650.26632578,46560.0,49118.52,48386.95,2021-12-15 20:47:44
2021-12-15 20:48:00,49514.85,49072.93,1639601284,49061.83,48017.51,2650.25200854,46560.0,49072.48,48386.95,2021-12-15 20:48:04
2021-12-15 20:48:20,49514.85,49224.36,1639601306,49189.09,48018.69,2652.53537689,46560.0,49218.29,48386.95,2021-12-15 20:48:26
2021-12-15 20:48:40,49514.85,49235.38,1639601326,49215.2,48018.79,2652.39734314,46560.0,49241.46,48386.95,2021-12-15 20:48:46
2021-12-15 20:49:00,49514.85,49241.65,1639601348,49193.5,48018.85,2652.52880356,46560.0,49220.45,48386.95,2021-12-15 20:49:08
2021-12-15 20:49:20,49514.85,49128.28,1639601368,49089.1,48020.11,2655.42842891,46560.0,49141.73,48386.95,2021-12-15 20:49:28
2021-12-15 20:49:40,49514.85,49144.33,1639601389,49112.12,48020.23,2654.86951849,46560.0,49144.79,48386.95,2021-12-15 20:49:49
2021-12-15 20:50:00,49514.85,49208.45,1639601410,49285.48,48022.43,2659.98032828,46560.0,49326.32,48386.95,2021-12-15 20:50:10
2021-12-15 20:50:20,49514.85,49249.38,1639601421,49216.35,48022.72,2660.32540451,46560.0,49237.66,48386.95,2021-12-15 20:50:21
2021-12-15 20:50:40,49514.85,49250.76,1639601440,49217.89,48022.79,2660.34533819,46560.0,49250.06,48386.95,2021-12-15 20:50:40
2021-12-15 20:51:00,49514.85,49277.56,1639601460,49292.01,48022.8,2660.24608819,46560.0,49324.28,48386.95,2021-12-15 20:51:00
2021-12-15 20:51:20,49514.85,49294.47,1639601482,49291.07,48022.9,2659.84847819,46560.0,49317.68,48386.95,2021-12-15 20:51:22
2021-12-15 20:51:40,49514.85,49275.0,1639601502,49262.81,48022.96,2659.96439819,46560.0,49303.97,48386.95,2021-12-15 20:51:42
2021-12-15 20:52:00,49514.85,49304.37,1639601525,49293.52,48023.21,2660.45177335,46560.0,49320.41,48386.95,2021-12-15 20:52:05
2021-12-15 20:52:20,49514.85,49292.84,1639601544,49258.87,48023.26,2660.55385882,46560.0,49300.73,48386.95,2021-12-15 20:52:24
2021-12-15 20:52:40,49514.85,49405.1,1639601565,49414.55,48023.53,2658.94994916,46560.0,49434.31,48386.95,2021-12-15 20:52:45
2021-12-15 20:53:00,49514.85,49413.8,1639601588,49385.35,48023.54,2658.85647525,46560.0,49413.89,48386.95,2021-12-15 20:53:08
2021-12-15 20:53:20,49514.85,49434.31,1639601600,49401.31,48023.55,2658.85878739,46560.0,49435.99,48386.95,2021-12-15 20:53:20
2021-12-15 20:53:40,49514.85,49419.05,1639601630,49390.66,48023.63,2658.99740739,46560.0,49418.27,48386.95,2021-12-15 20:53:50
2021-12-15 20:54:00,49514.85,49384.7,1639601650,49376.28,48023.9,2659.5298107,46560.0,49415.26,48386.95,2021-12-15 20:54:10
2021-12-15 20:54:20,49514.85,49398.22,1639601661,49418.25,48023.97,2659.5039107,46560.0,49430.61,48386.95,2021-12-15 20:54:21
2021-12-15 20:54:40,49514.85,49411.93,1639601680,49387.05,48024.09,2659.0921907,46560.0,49415.61,48386.95,2021-12-15 20:54:40
2021-12-15 20:55:00,49514.85,49402.44,1639601701,49386.76,48024.32,2659.26739057,46560.0,49408.21,48386.95,2021-12-15 20:55:01
2021-12-15 20:55:20,49514.85,49381.32,1639601720,49355.86,48024.38,2659.3334095,46560.0,49381.32,48386.95,2021-12-15 20:55:20
2021-12-15 20:55:40,49514.85,49381.4,1639601751,49370.96,48024.7,2657.41578079,46560.0,49396.53,48386.95,2021-12-15 20:55:51
2021-12-15 20:56:00,49514.85,49406.05,1639601762,49377.86,48024.7,2657.41744079,46560.0,49406.05,48386.95,2021-12-15 20:56:02
2021-12-15 20:56:20,49514.85,49405.98,1639601785,49409.35,48024.71,2657.40957155,46560.0,49434.91,48386.95,2021-12-15 20:56:25
2021-12-15 20:56:40,49514.85,49423.8,1639601804,49380.96,48024.71,2657.40696155,46560.0,49406.9,48386.95,2021-12-15 20:56:44
2021-12-15 20:57:00,49514.85,49384.35,1639601824,49381.46,48026.31,2660.4657805,46560.0,49384.35,48386.95,2021-12-15 20:57:04
2021-12-15 20:57:20,49514.85,49353.09,1639601846,49316.42,48026.66,2661.15567013,46560.0,49346.29,48386.95,2021-12-15 20:57:26
2021-12-15 20:57:40,49514.85,49347.43,1639601866,49292.07,48027.17,2662.18456801,46560.0,49313.7,48386.95,2021-12-15 20:57:46
2021-12-15 20:58:00,49514.85,49280.19,1639601887,49263.88,48027.47,2662.5373553,46560.0,49289.85,48386.95,2021-12-15 20:58:07
2021-12-15 20:58:20,49514.85,49280.84,1639601908,49274.14,48027.75,2663.15063479,46560.0,49294.94,48386.95,2021-12-15 20:58:28
2021-12-15 20:58:40,49514.85,49254.5,1639601931,49248.58,48028.1,2663.8932412,46560.0,49269.89,48386.95,2021-12-15 20:58:51
2021-12-15 20:59:00,49514.85,49289.36,1639601950,49269.18,48030.8,2669.79369976,46560.0,49289.36,48386.95,2021-12-15 20:59:10
2021-12-15 20:59:20,49514.85,49277.6,1639601961,49247.78,48032.33,2673.18262882,46560.0,49270.51,48386.95,2021-12-15 20:59:21
2021-12-15 20:59:40,49514.85,49269.9,1639601981,49245.48,48032.34,2673.15143882,46560.0,49264.7,48386.95,2021-12-15 20:59:41
2021-12-15 21:00:00,49514.85,49195.93,1639602003,49240.82,48032.47,2673.44987229,46560.0,49256.59,48386.95,2021-12-15 21:00:03
2021-12-15 21:00:20,49514.85,49326.85,1639602024,49292.42,48032.7,2673.90666178,46560.0,49322.08,48386.95,2021-12-15 21:00:24
2021-12-15 21:00:40,49514.85,49338.92,1639602045,49318.95,48033.02,2674.07906788,46560.0,49344.39,48386.95,2021-12-15 21:00:45
2021-12-15 21:01:00,49514.85,49329.71,1639602065,49307.94,48033.03,2674.06293788,46560.0,49324.82,48386.95,2021-12-15 21:01:05
2021-12-15 21:01:20,49514.85,49338.85,1639602088,49311.27,48033.19,2674.40266255,46560.0,49338.21,48386.95,2021-12-15 21:01:28
2021-12-15 21:01:40,49514.85,49324.42,1639602107,49313.09,48033.73,2674.31287783,46560.0,49339.4,48386.95,2021-12-15 21:01:47
